<?xml version="1.0" encoding="UTF-8"?>
<project-private xmlns="http://www.netbeans.org/ns/project-private/1">
    <editor-bookmarks xmlns="http://www.netbeans.org/ns/editor-bookmarks/2" lastBookmarkId="0"/>
    <open-files xmlns="http://www.netbeans.org/ns/projectui-open-files/2">
        <group>
            <file>file:/root/NetBeansProjects/ict21-23/publish-rest-jwt-security/PublishApp/src/java/client/MyRestFilter.java</file>
            <file>file:/root/NetBeansProjects/ict21-23/publish-rest-jwt-security/PublishApp/src/java/config/Project.java</file>
            <file>file:/root/NetBeansProjects/ict21-23/publish-rest-jwt-security/PublishApp/src/java/ejb/PublishBean.java</file>
            <file>file:/root/NetBeansProjects/ict21-23/publish-rest-jwt-security/PublishApp/src/java/auth/SecureAuthentication.java</file>
            <file>file:/root/NetBeansProjects/ict21-23/publish-rest-jwt-security/PublishApp/src/java/rest/PublishResource.java</file>
            <file>file:/root/NetBeansProjects/ict21-23/publish-rest-jwt-security/PublishApp/src/java/client/PublishClient.java</file>
        </group>
    </open-files>
</project-private>
