<?xml version="1.0" encoding="UTF-8"?>
<project-private xmlns="http://www.netbeans.org/ns/project-private/1">
    <editor-bookmarks xmlns="http://www.netbeans.org/ns/editor-bookmarks/2" lastBookmarkId="0"/>
    <open-files xmlns="http://www.netbeans.org/ns/projectui-open-files/2">
        <group>
            <file>file:/D:/EJB/JSF_JPA_REST_EJB/src/java/controller/JSFManagedBean.java</file>
            <file>file:/D:/EJB/JSF_JPA_REST_EJB/web/insert.xhtml</file>
            <file>file:/D:/EJB/JSF_JPA_REST_EJB/src/java/EJB/beanLocal.java</file>
            <file>file:/D:/EJB/JSF_JPA_REST_EJB/src/java/EJB/bean.java</file>
            <file>file:/D:/EJB/JSF_JPA_REST_EJB/src/java/rest/GenericResource.java</file>
            <file>file:/D:/EJB/JSF_JPA_REST_EJB/web/display.xhtml</file>
            <file>file:/D:/EJB/JSF_JPA_REST_EJB/web/WEB-INF/web.xml</file>
            <file>file:/D:/EJB/JSF_JPA_REST_EJB/src/java/RestClient/restClient.java</file>
            <file>file:/D:/EJB/JSF_JPA_REST_EJB/web/edit.xhtml</file>
        </group>
    </open-files>
</project-private>
