<?xml version="1.0" encoding="UTF-8"?>
<project-private xmlns="http://www.netbeans.org/ns/project-private/1">
    <editor-bookmarks xmlns="http://www.netbeans.org/ns/editor-bookmarks/2" lastBookmarkId="0"/>
    <open-files xmlns="http://www.netbeans.org/ns/projectui-open-files/2">
        <group>
            <file>file:/D:/EJB/JSF_Kruti/src/java/Servlet/TestServlet.java</file>
            <file>file:/D:/EJB/JSF_Kruti/web/index.xhtml</file>
            <file>file:/D:/EJB/JSF_Kruti/src/conf/persistence.xml</file>
            <file>file:/D:/EJB/JSF_Kruti/src/java/Bean/employeebean.java</file>
            <file>file:/D:/EJB/JSF_Kruti/src/java/ejb/EmployeeBean.java</file>
            <file>file:/D:/EJB/JSF_Kruti/src/java/ejb/DeptBeanLocal.java</file>
            <file>file:/D:/EJB/JSF_Kruti/src/java/ejb/DeptBean.java</file>
            <file>file:/D:/EJB/JSF_Kruti/src/java/ejb/EmployeeBeanLocal.java</file>
            <file>file:/D:/EJB/JSF_Kruti/src/java/entity/Employee.java</file>
            <file>file:/D:/EJB/JSF_Kruti/src/java/entity/Department.java</file>
        </group>
    </open-files>
</project-private>
