<?xml version="1.0" encoding="UTF-8"?>
<project-private xmlns="http://www.netbeans.org/ns/project-private/1">
    <editor-bookmarks xmlns="http://www.netbeans.org/ns/editor-bookmarks/2" lastBookmarkId="0"/>
    <open-files xmlns="http://www.netbeans.org/ns/projectui-open-files/2">
        <group>
            <file>file:/D:/EJB/Jsf_MultipalTable_crud/web/insertAddress.xhtml</file>
            <file>file:/D:/EJB/Jsf_MultipalTable_crud/src/java/ejb/customer.java</file>
            <file>file:/D:/EJB/Jsf_MultipalTable_crud/src/java/customerAddress/ManagedBean.java</file>
            <file>file:/D:/EJB/Jsf_MultipalTable_crud/web/editAddress.xhtml</file>
            <file>file:/D:/EJB/Jsf_MultipalTable_crud/web/index.xhtml</file>
        </group>
    </open-files>
</project-private>
